Source_id,Translation
1,the the <unk> <unk> the <unk> <unk> <unk>
2,<unk> the <unk> of <unk> <unk> <unk> <unk> <unk> <unk> <unk> <unk> <unk> <unk> <unk> <unk> <unk> <unk> <unk> <unk> <unk>
3,click on the <unk> <unk> i click on the <unk> <unk>
4,the <unk> is a <unk> <unk> <unk> <unk> <unk> <unk> <unk> <unk> <unk> <unk> <unk>
5,"""and the the <unk> <unk> <unk> <unk> <unk> <unk> <unk> <unk> and <unk> <unk> <unk> <unk> <unk> <unk> and <unk> <unk>"
6,we will also the the <unk> <unk> <unk> <unk> <unk> <unk> <unk>
7,child has love in these all.
8,<unk> <unk> <unk> <unk> <unk> <unk> <unk>
9,"""for the <unk> <unk> <unk> <unk> <unk> <unk> <unk> <unk> <unk> <unk> <unk> <unk> <unk> <unk> <unk> <unk> <unk> <unk>"
10,<unk> <unk> <unk> <unk> <unk> <unk> <unk> <unk> <unk> <unk> <unk> <unk> <unk>
11,they worshipped the
12,the <unk> <unk> <unk>
13,go to the the click on the click on the button at the bottom of the the the the the the the the the <unk>
14,click on the the icon to the the the the the the the
15,click on the tab click on the tab <unk>
16,we can also the the <unk> of the the <unk> of the
17,<unk> <unk> <unk> <unk> <unk> <unk> <unk> <unk> <unk> <unk> <unk> <unk>
18,those are <unk>
19,"apache, mariadb and php obtained through xampp 5.6.30 and and"
20,we can see that our <unk> <unk> <unk> <unk> <unk>
21,<unk> <unk> the <unk>
22,1. <unk> <unk> <unk> <unk>
23,we can also learn the in the we can the
24,<unk> the <unk> <unk> <unk> <unk> <unk> <unk> <unk> <unk> <unk> <unk> <unk> <unk> <unk> <unk> <unk>
25,<unk> <unk> <unk> <unk> <unk> <unk> <unk> <unk> <unk> <unk> <unk> <unk> <unk> <unk> <unk> <unk> <unk> <unk> <unk> <unk>
26,you can also <unk> <unk> <unk> <unk> <unk> <unk> <unk> <unk>
27,you will be <unk> the <unk> <unk>
28,boy displays regard in that.
29,"""and the <unk> <unk> <unk> <unk> <unk> <unk> <unk> <unk> <unk> <unk> <unk> <unk> <unk> <unk> <unk> <unk> <unk>"
30,"in this tutorial, i will have to the <unk> <unk> <unk> <unk> <unk> <unk> <unk>"
31,<unk> the <unk> of the <unk>
32,• the the the the the the the the the the <unk>
33,i can select the layer and i can select the and i and i the <unk> and i the <unk>
34,then we will to the <unk> <unk>
35,<unk> the <unk> and <unk> and <unk>
36,"""but now i have not <unk> <unk> <unk> <unk> <unk> <unk> <unk> <unk> <unk> <unk> <unk>"
37,<unk> <unk> <unk> <unk> <unk> <unk> <unk> <unk> <unk> <unk> <unk> <unk> <unk> <unk>
38,"""and the <unk> of the <unk> of the <unk> and the <unk> of the and <unk> and <unk> and <unk>"
39,the the <unk> <unk> the <unk> <unk> the <unk> <unk>
40,<unk> <unk> <unk> <unk>
41,<unk> <unk> <unk> <unk> <unk>
42,"""and the <unk> <unk> <unk> <unk> <unk> <unk> <unk> <unk> <unk> <unk> <unk> <unk> <unk> <unk> <unk> <unk> <unk> <unk>"
43,we brings us to the end of this tutorial.
44,<unk> <unk> <unk> and <unk>
45,• <unk> and <unk>
46,<unk> the <unk> <unk> <unk> <unk> <unk> <unk> <unk> <unk> <unk>
47,"for more details, please write to create a new <unk>"
48,"now, let us comment the the the the the the the the the the the the the the the <unk>"
49,when i i i the value of i i will type the <unk> as <unk>
50,<unk> the <unk> of <unk> <unk> <unk> <unk> <unk> <unk> <unk> <unk> <unk>
51,welcome to the spoken gimp. gimp.
52,the output is displayed is the to the the <unk>
53,we can also learn about the <unk> of the
54,we can see the output is the the the the the is the
55,let us see how to the the employee class and how to create a class named methoddemo.
56,<unk> <unk> <unk> <unk>
57,we all must learn.
58,i i i <unk> <unk> <unk> <unk> <unk> <unk> <unk> <unk> <unk> <unk> <unk> <unk> <unk> <unk>
59,the the the the the the the the the the the <unk>
60,"""and the the <unk> of the <unk> and <unk> and <unk> and <unk> and <unk> <unk>"
61,"in the sub-field field, type <unk>"
62,click on the <unk> <unk> press enter.
63,we will the the the <unk> <unk> <unk>
64,we can see the the <unk> the <unk>
65,<unk> the <unk> <unk> the <unk> and the <unk> <unk> <unk>
66,<unk> <unk> <unk> <unk> <unk> <unk> <unk> <unk>
67,if you do not have configured if you will be able to the
68,<unk> <unk> <unk> <unk> <unk> <unk> <unk> <unk> <unk> <unk> <unk> <unk> <unk> <unk> <unk>
69,<unk> <unk> <unk> <unk> <unk> <unk> <unk> <unk> <unk> <unk> <unk> <unk> <unk> <unk> <unk> <unk>
70,the the <unk> <unk> <unk> <unk>
71,<unk> <unk> <unk> <unk> <unk>
72,<unk> <unk> <unk>
73,select the <unk> <unk> select <unk> <unk>
74,we both the <unk>
75,we have to the end of this tutorial.
76,"""and the <unk> <unk> <unk> <unk> <unk> <unk> <unk> <unk> <unk> <unk> <unk> <unk> <unk> <unk> <unk> <unk> <unk>"
77,so the the to 245 ?.
78,we can see that the <unk> of the <unk> we can be <unk>
79,<unk> is <unk>
80,<unk> is the <unk> <unk> <unk>
81,"""and the <unk> <unk> <unk> <unk> <unk> <unk> <unk> <unk> <unk> <unk> <unk> <unk> <unk> <unk> <unk> <unk>"
82,<unk> the <unk> <unk> <unk> <unk> <unk> <unk> <unk> <unk> <unk> <unk> <unk>
83,we will see the the <unk> <unk> <unk>
84,<unk> <unk> <unk>
85,"""and the <unk> <unk> <unk> <unk> <unk> <unk> <unk> <unk> <unk> <unk> <unk> <unk> <unk> <unk> <unk> <unk> <unk> <unk> <unk> <unk>"
86,<unk> <unk> <unk> <unk> <unk> <unk> <unk> <unk> <unk> <unk> <unk> <unk> <unk>
87,1. <unk> <unk> <unk> <unk> <unk> <unk> <unk>
88,i i i i will leave the <unk> i will leave the
89,we have created a <unk>
90,<unk> <unk> <unk> <unk> <unk> <unk> <unk> <unk>
91,"in this tutorial, we will learnt how to create a <unk> <unk> <unk> <unk> <unk> <unk>"
92,"""and the <unk> <unk> <unk> <unk> <unk> <unk> <unk> <unk> <unk> <unk> <unk> <unk> <unk> <unk> <unk> <unk> <unk>"
93,<unk> <unk> <unk> <unk> <unk> <unk> <unk> <unk> <unk> <unk> <unk> <unk> <unk> <unk> <unk> <unk>
94,"now, let us see how to create a static method of the and <unk>"
95,these are <unk> <unk> <unk> <unk>
96,click on the the tab in the the link.
97,who is <unk>
98,she understands
99,the the <unk> <unk> the <unk> <unk> the <unk> <unk> the <unk> <unk> the <unk>
100,<unk> <unk> <unk> <unk> <unk> <unk> <unk> <unk> <unk> <unk> <unk> <unk>
101,"""for the <unk> of the <unk> of the <unk> of the <unk> of the <unk> and <unk> <unk> <unk> and <unk> <unk>"
102,"""we we are <unk> <unk> <unk> <unk> <unk> <unk> <unk> <unk> <unk> <unk> <unk>"
103,"""and he he had and he had and he had <unk> and he had <unk>"
104,"""and he said unto them, and the <unk> of the <unk> and the <unk> and he that he <unk> and he that he <unk> and he that he <unk>"
105,"go to the publication, distribution, etc."
106,<unk> <unk> <unk> <unk> <unk> <unk> <unk> <unk> <unk>
107,<unk> <unk>
108,<unk> is <unk>
109,<unk> <unk> <unk> <unk>
110,who is the <unk>
111,click on the tab button at the bottom of the the window.
112,<unk> <unk> <unk> <unk> <unk>
113,"""and the the <unk> and and <unk> and and <unk> and <unk>"
114,<unk> <unk> <unk> <unk> <unk> <unk>
115,we can see the the the the the the the the the the the the the the the <unk> of the
116,we can also the the the the the the the the
117,now type ls space ls space <unk> space <unk> press enter.
118,and <unk> and <unk> and <unk>
119,we will the the <unk> <unk> <unk> <unk> <unk> <unk> <unk>
120,"""and the <unk> <unk> <unk> <unk> <unk> <unk> <unk> <unk> <unk> and <unk> <unk> and <unk> <unk> and <unk> <unk> and <unk> <unk>"
121,to the the <unk> the <unk> <unk> the <unk> <unk> the <unk> <unk> the <unk> <unk> <unk> <unk> <unk>
122,now we can see the the the and the the and and the the is the
123,<unk> one who <unk> <unk>
124,the the the the the the the <unk> the <unk> the <unk>
125,this is a the the of the the <unk> the <unk> of the <unk>
126,you are <unk>
127,<unk> one who <unk> <unk>
128,we can see the the the the <unk> and the <unk>
129,"in the <unk> field, field, field, field, type <unk>"
130,now we will now the the <unk> <unk> <unk>
131,this is the <unk> of the <unk>
132,<unk> the <unk> <unk> the <unk> <unk> the <unk> <unk> <unk> <unk> <unk> <unk>
133,and <unk> and <unk> and <unk>
134,<unk> <unk> and <unk> and <unk>
135,here we have to the the <unk> of this <unk> and <unk>
136,<unk> <unk> <unk> <unk> <unk> <unk> <unk> <unk> <unk> <unk>
137,we can see the the of the <unk> of the <unk> <unk>
138,you will be <unk> <unk> <unk>
139,it is a <unk> of the <unk> and <unk> <unk> and <unk> <unk> <unk>
140,we can see that the <unk> the <unk> <unk>
141,we both must do.
142,<unk> <unk> <unk> <unk> <unk> <unk> <unk>
143,and the the and and the
144,• the the the the the the the the the the the the the the <unk>
145,it is the <unk> the <unk> <unk>
146,<unk> <unk> <unk>
147,"to this demonstration, <unk> <unk> <unk> <unk> <unk> <unk> <unk> <unk> <unk> <unk> <unk>"
148,the spoken tutorial project team conducts workshops using spoken tutorials gives certificates to the spoken tutorial project.
149,spoken tutorial project team conducts workshops using spoken tutorials.
150,"""and the <unk> <unk> and <unk> and <unk> and <unk> and <unk> and <unk> and <unk> and <unk> and <unk> and <unk>"
151,locate the the to the the the
152,you can also the the <unk> <unk> <unk>
153,and the the the the is <unk>
154,this tutorial project is available at the following of the
155,"however, the indicators the the the the the the the the not as the"
156,type ls space ls space <unk> space <unk> press enter.
157,we will see that the the <unk> the <unk>
158,<unk> <unk> <unk> <unk> <unk> <unk> <unk> <unk> <unk> <unk> <unk> <unk>
159,• the the the <unk>
160,"""and i have <unk> <unk> <unk> <unk> <unk> <unk> <unk> <unk> <unk> <unk> <unk> <unk> <unk> and i have <unk> <unk> <unk> <unk> <unk> <unk>"
161,<unk> <unk> <unk> <unk> <unk> <unk> <unk> <unk> <unk> <unk> <unk> <unk> <unk> <unk> <unk> <unk> <unk> <unk> <unk> <unk> <unk> <unk> <unk> <unk> <unk> <unk> <unk>
162,"""and the <unk> <unk> <unk> <unk> <unk> <unk> <unk> <unk> <unk> <unk> <unk> <unk> <unk> <unk> <unk> <unk> <unk> <unk> <unk> <unk>"
163,i must learn.
164,<unk> <unk> <unk> <unk> <unk> <unk> <unk> <unk> <unk> <unk> <unk> <unk>
165,we can the the the <unk> of the <unk> the <unk> of the <unk>
166,<unk> is the <unk> the <unk> of the
167,• adopt namaskar the the the the the the the the the
168,we will see the the <unk> <unk> <unk>
169,"""and the <unk> of the <unk> of the <unk> and <unk> and <unk> and <unk> and <unk> and <unk> and <unk> and <unk> and <unk>"
170,<unk> <unk> <unk> <unk> <unk> <unk>
171,"so, i i the <unk> <unk> i will type the <unk>"
172,for <unk> <unk> <unk> <unk> <unk> <unk> <unk> <unk> <unk> <unk> <unk> <unk> <unk> <unk> <unk>
173,"""and the he had <unk> and said, lord, and <unk> <unk>"
174,"""and the <unk> <unk> <unk> <unk> <unk> <unk> <unk> <unk> <unk> <unk> <unk> <unk> <unk> <unk>"
175,we can now the the the <unk> and now let us summarise.
176,now click on the tab and run the
177,let me close the <unk> <unk>
178,we can see that the is the is because we can the the the is <unk> in the <unk>
179,<unk> <unk> <unk>
180,"""and the jews and <unk> and <unk>"
181,welcome to the spoken tutorial on the spoken tutorial on the
182,"next we can see, the output is and the name of the and we can see the"
183,she is a <unk>
184,the the is the the <unk> of the the <unk> of the <unk> we will be <unk>
185,"now, we will see the the <unk> of the the <unk> we can the the <unk> of the the <unk>"
186,<unk> <unk> <unk> <unk> <unk> <unk> <unk> <unk> <unk> <unk> <unk>
187,<unk> <unk> <unk> <unk> <unk> <unk> <unk> <unk> <unk>
188,"so, i will leave the the <unk> <unk> the <unk>"
189,"""and the <unk> <unk> <unk> <unk> <unk> <unk> <unk> <unk> <unk> <unk> <unk> <unk> <unk> <unk> <unk> <unk>"
190,"so the the the the the the floor, and exhaling bring the the <unk>"
191,the spoken tutorial project team conducts workshops using spoken tutorial dot println within brackets and gives certificates to the spoken tutorial dot org slash nmeict hyphen tutorial dot org slash nmeict hyphen tutorial dot org slash nmeict hyphen tutorial dot org slash nmeict hyphen tutorial dot org slash nmeict
192,spoken tutorial project team conducts workshops using spoken tutorials.
193,"""and he said unto them, he <unk> <unk> <unk> <unk> <unk> <unk> <unk> <unk> <unk> <unk> <unk> <unk> <unk> <unk> <unk> <unk> <unk> <unk> <unk> <unk> <unk>"
194,<unk> one who is the <unk> of the <unk>
195,• adopt the the the the the the the the the <unk> of the the <unk>
196,• lalitha the <unk>
197,<unk> <unk> <unk> the <unk> of the <unk>
198,"""and the the <unk> of the <unk> and the <unk> of the <unk> and the <unk>"
199,"so, i can the the layer with the <unk> and i can see the <unk> and i can see the <unk> of the <unk> and i can see the <unk>"
200,<unk> one who <unk> <unk> <unk> <unk>
201,we can also the the <unk> <unk> <unk> <unk>
202,"now, let us look at the the <unk>"
203,<unk> <unk>
204,we are the <unk> <unk> <unk>
205,"""for ye therefore in the <unk> of the <unk> of the <unk> of the <unk> and <unk> <unk> <unk> <unk> <unk> <unk> <unk> <unk> <unk> <unk>"
206,the the is the the the the the the the the the the is not visible as <unk>
207,now press ctrl + d and and and click on the and and the
208,click on the click on the button at the bottom.
209,i will leave the <unk> <unk>
210,<unk> the <unk> of the <unk> <unk> the <unk> <unk> the <unk> of the <unk>
211,we can now a the <unk> of the the <unk> and the <unk> <unk>
212,click on the tab delimited select select the hydrogens select the
213,the the the <unk> the <unk> <unk> the <unk> <unk> <unk>
214,we can also <unk> <unk> <unk> <unk> <unk> <unk> <unk>
215,the the and and and and and and and
216,the the the the the the the the the
217,"""and the <unk> <unk> <unk> <unk> <unk> <unk> <unk> <unk> <unk> <unk> <unk> <unk> <unk> <unk> <unk> <unk> <unk> <unk> <unk>"
218,child has friendship on you.
219,<unk> is the the <unk> of the
220,"""and the <unk> <unk> <unk> <unk> <unk> <unk> <unk> <unk> <unk> <unk> <unk> <unk> <unk> <unk> <unk> <unk> <unk> <unk> <unk> <unk> <unk> <unk> <unk> <unk>"
221,"to record this tutorial, you should have knowledge of this <unk>"
222,child has love in these all.
223,i i will leave the <unk> i i will leave the <unk>
224,"""and he said unto them, and <unk> <unk> <unk> and <unk> and <unk> and <unk> and <unk> and <unk> and <unk> and <unk> and <unk> and <unk>"
225,"""and the the <unk> of the <unk> of the <unk> and the <unk>"
226,this is the the the <unk> of the <unk> <unk>
227,"""for i have <unk> <unk> <unk> <unk> <unk> <unk> <unk> <unk> <unk> <unk>"
228,<unk> <unk> <unk> <unk> <unk> <unk> <unk> <unk> <unk> <unk> <unk> <unk>
229,to the the command prompt: rmdir space <unk> space <unk> press enter.
230,<unk> the <unk> of <unk> <unk> <unk> <unk> <unk> <unk> <unk> <unk> <unk> <unk> <unk> <unk> <unk> <unk> <unk> <unk> <unk> <unk> <unk>
231,<unk> the <unk> of the <unk> and <unk>
232,you will you will you will you study <unk>
233,the the is the the <unk> the <unk> the <unk> the <unk> the <unk> the <unk> <unk>
234,they are two
235,the is is the is the is the the the the is declared.
236,"""and he said unto them, ye shall be <unk> and the <unk> of the <unk> and the <unk> of the <unk> and <unk>"
237,<unk> is no cause of <unk> <unk>
238,"""and the <unk> of the <unk> of the <unk> and <unk> and <unk> and <unk> and <unk> and <unk> and <unk>"
239,<unk> <unk> <unk> <unk> <unk> <unk> <unk> <unk> <unk>
240,we can the the <unk> <unk> the <unk> <unk> the <unk> <unk> <unk>
241,<unk> the <unk> <unk> <unk> <unk> <unk> <unk> <unk> <unk> <unk> <unk> <unk> <unk>
242,<unk> <unk> <unk> <unk> <unk> <unk> <unk> <unk> <unk> <unk> <unk> <unk> <unk> <unk> <unk> <unk> <unk> <unk> <unk> <unk> <unk> <unk> <unk>
243,<unk> is the <unk> in the <unk> in the <unk>
244,we can see that the <unk> <unk> <unk> <unk> <unk> <unk> <unk>
245,• the the the <unk> the <unk>
246,<unk> <unk> <unk> <unk> <unk> <unk> <unk> <unk> <unk> <unk> <unk> <unk>
247,<unk> <unk> <unk> <unk> <unk> <unk> <unk> <unk> <unk> <unk> <unk> <unk> <unk> <unk> <unk> <unk> <unk> <unk> <unk> <unk>
248,in the the the the the the the the the the the
249,to the the and and <unk> the <unk> and <unk>
250,<unk> the <unk> <unk> the <unk> <unk> the <unk> <unk> <unk>
251,"""and the <unk> <unk> and <unk> and <unk> and <unk> and <unk>"
252,these two are
253,it doesn't the the the the the the the the the the the <unk>
254,"""and the <unk> <unk> <unk> <unk> <unk> <unk> <unk> <unk> <unk> <unk> <unk> <unk> <unk> <unk> <unk> <unk> <unk> <unk> <unk> <unk> <unk> <unk>"
255,<unk> <unk> <unk> <unk> <unk>
256,the <unk> of the <unk>
257,<unk> the <unk> of <unk> <unk> <unk>
258,then click on the button at the bottom right.
259,<unk> <unk> <unk> <unk>
260,"""for ye therefore ye <unk> ye shall be <unk> ye shall be <unk>"
261,the new page opens up.
262,and the the <unk> <unk> <unk> <unk> <unk> <unk> <unk> <unk> <unk> <unk> <unk> <unk>
263,the the of the the is the the the the the the the the the <unk>
264,they are two
265,the the the the <unk> the <unk> the <unk>
266,type the <unk>
267,<unk> <unk> <unk> <unk> <unk> <unk> <unk> <unk> <unk> <unk> <unk>
268,<unk> the <unk> <unk> <unk> <unk> <unk> <unk> <unk>
269,<unk> the the of the <unk> the <unk> <unk> the <unk>
270,"""and the <unk> <unk> <unk> <unk> <unk> <unk> <unk> <unk> <unk> <unk> <unk> <unk> <unk> <unk> <unk> <unk> <unk> <unk>"
271,"""and the the <unk> of the <unk> of the and <unk> and <unk>"
272,the spoken tutorial project team conducts workshops using <unk>
273,we have to the end of this tutorial.
274,now let me edit the <unk> <unk> from the <unk> from the <unk>
275,<unk> <unk> <unk> <unk> <unk> <unk> <unk> <unk> <unk> <unk> <unk> <unk> <unk> <unk> <unk> <unk> <unk> <unk> <unk> <unk> <unk> <unk> <unk> <unk> <unk> <unk>
276,whereas the <unk> <unk> <unk>
277,the <unk> of the <unk> of the <unk>
278,"""and he said unto them, and the <unk> of the <unk> and <unk> <unk> and <unk> and <unk> and <unk> and <unk> and <unk> the <unk> of the"
279,this is a to the the of the <unk>
280,<unk> the <unk> <unk> <unk> <unk> <unk> <unk> <unk>
281,but i have a bit more fuzzy and i i have this is bit more than 8000 rupees. i have done this is bit more than 8000 rupees.
282,but the not possible not possible without air.
283,we can the the the of the the of this tutorial.
284,the new page and and and and and the the
285,we see that the output is the
286,<unk> <unk> <unk> <unk> <unk> <unk> <unk> <unk> <unk> <unk> <unk> <unk> <unk> <unk> <unk> <unk> <unk>
287,"""and the <unk> <unk> <unk> <unk> <unk> <unk> <unk> <unk> <unk> <unk> <unk> <unk> <unk> <unk> <unk> <unk> <unk> <unk> <unk> <unk> <unk> <unk> <unk>"
288,<unk> one who <unk> <unk>
289,"""and the <unk> <unk> <unk> <unk> and <unk> and <unk> and <unk> and <unk> and <unk> and <unk> and <unk>"
290,"now, let us save the the the the the the and run the save and run the program."
291,to the the the to the the to the the to the the and <unk>
292,"""and the <unk> <unk> <unk> <unk> <unk> <unk> <unk> <unk> <unk> <unk> <unk> <unk> <unk> <unk> <unk> <unk> <unk>"
293,and i will to the the the and the
294,<unk> <unk> <unk> <unk>
295,"""and the <unk> <unk> <unk> <unk> <unk> <unk> and <unk> <unk> <unk> <unk> <unk> <unk>"
296,we will <unk> the <unk> <unk> <unk>
297,<unk> <unk> <unk> <unk> <unk> <unk> <unk> <unk>
298,<unk> <unk> <unk> <unk> and <unk> <unk> <unk> <unk> <unk> <unk> <unk> <unk>
299,"""we the <unk> <unk> <unk> <unk> <unk> <unk> <unk> <unk> <unk> <unk> <unk> <unk> <unk> <unk> <unk> <unk> <unk> <unk> <unk>"
300,to the the the <unk> to the the <unk>
301,<unk> <unk> <unk> <unk> <unk> <unk> <unk> <unk> <unk> <unk> <unk> <unk> <unk> <unk> <unk> <unk> <unk>
302,the the the the the the the <unk>
303,now let us look at the the the the the the the the the the the the the the the the <unk> of the
304,"""and the <unk> of the <unk> of the <unk> of the <unk> and <unk> <unk> and <unk> <unk>"
305,scroll down and click on save button button at the bottom.
306,select the <unk> select <unk> <unk> <unk> <unk> <unk> <unk> <unk> <unk> <unk>
307,"""and the the <unk> and <unk> and <unk> and <unk> and <unk>"
308,<unk> <unk> and <unk> <unk>
309,"""and the <unk> <unk> <unk> <unk> <unk> <unk> <unk> <unk> <unk> <unk> <unk> <unk> <unk> <unk> <unk> <unk> <unk> <unk> <unk> <unk> <unk> <unk> <unk>"
310,"""and the <unk> <unk> <unk> <unk> <unk> <unk> <unk> <unk> <unk> <unk> <unk> <unk> <unk> <unk> <unk> <unk> <unk> <unk> <unk> <unk> <unk> <unk> <unk>"
311,and the and and run the
312,<unk> <unk> <unk> <unk> <unk> <unk> <unk> <unk> <unk> <unk> <unk> <unk> <unk> <unk> <unk> <unk> <unk> <unk> <unk> <unk> <unk> <unk> <unk>
313,we will see the <unk> <unk>
314,"now, go to the to the the <unk>"
315,<unk> <unk> <unk> <unk> <unk>
316,<unk> <unk> <unk> <unk> <unk> <unk> <unk> <unk> <unk> <unk> <unk> <unk>
317,• the the the the the the the the the the
318,"""and the <unk> of the and <unk> and <unk> and <unk> and <unk>"
319,<unk> the the the the the the the <unk>
320,<unk> <unk> <unk> <unk>
321,"""for i have <unk> my <unk> my <unk> my <unk>"
322,they are two
323,<unk> <unk> <unk> <unk> <unk> <unk> <unk> <unk> <unk> <unk> <unk> <unk> <unk>
324,"""for we are <unk> our <unk> our <unk> our <unk> our <unk>"
325,"now, we will see the the <unk> of the"
326,i i will leave the image and i will leave the <unk>
327,click on the tab delimited to the <unk>
328,<unk> <unk> <unk> <unk> <unk> <unk> <unk> <unk> <unk> <unk> <unk>
329,we can also learn about the <unk> and <unk>
330,this is the the the the the the the <unk> the <unk>
331,the is a <unk> is <unk> to the the the the and i will this is a bit more than 8000 rupees.
332,"now, let us comment the <unk> <unk> <unk> <unk> <unk>"
333,"""and the the <unk> the <unk> of the <unk>"
334,we can see that the name of the variable name is a <unk> we will type the variable name as follows.
335,"now i i have done mapping manually. so, i i i have to the and i i have done and i am selecting <unk>"
336,this is our <unk> <unk> the <unk> <unk> the <unk> the <unk> the <unk> the <unk> <unk> the <unk> <unk>
337,<unk> <unk> <unk> <unk> <unk>
338,now let us see the the <unk> <unk> the <unk> <unk> the <unk> <unk> <unk> <unk> <unk>
339,"in the the window, right-click click on the tab plus new currency."
340,"""but when ye not the <unk> of the <unk> and the <unk> of the <unk> and the <unk>"
341,<unk> one who is the <unk> of the
342,we can also the the <unk> of the static method of the
343,<unk> <unk> <unk> <unk> <unk> <unk> <unk>
344,we can see that the <unk> of the <unk> of the <unk>
345,<unk> one who <unk> <unk>
346,she understands <unk>
347,"""and he said unto them, and he had <unk> and <unk> and <unk>"
348,"""and the <unk> <unk> <unk> <unk> <unk> <unk> <unk> <unk> <unk> <unk> <unk> <unk> <unk> <unk> <unk> <unk>"
349,i will type the <unk> <unk> <unk> <unk>
350,<unk> <unk> <unk> <unk> <unk> <unk> <unk> <unk> <unk> <unk> <unk> <unk> <unk> <unk>
351,i will leave tax rate as i i will leave the
352,we have created a <unk> <unk> <unk> <unk>
353,the the <unk> <unk> the <unk> <unk> the <unk> <unk> <unk>
354,now let us try the the <unk>
355,you are <unk>
356,click on the tab <unk> <unk> click on the tab <unk> and press enter.
357,click on the icon icon i.e. the the the the the the the the the the the the
358,you can see the the the <unk> the <unk> <unk> <unk>
359,<unk> <unk> <unk> <unk> <unk> <unk> <unk> <unk> <unk> <unk> <unk> <unk> <unk> <unk> <unk>
360,<unk> <unk> <unk> <unk>
361,<unk> the <unk> of the <unk>
362,<unk> the <unk> of <unk> <unk>
363,click on the icon i.e. delete the the the the the the the the the
364,i will not the as <unk> as <unk>
365,<unk> <unk> <unk> <unk> <unk> <unk> <unk> <unk> <unk> <unk> <unk> <unk> <unk> <unk> <unk> <unk> <unk> <unk> <unk> <unk> <unk> <unk> <unk> <unk>
366,"""and the the <unk> in the <unk> of the <unk> <unk>"
367,to the the <unk> <unk> <unk> <unk> <unk> <unk>
368,<unk> <unk> <unk> <unk> <unk>
369,"""for we are <unk> <unk> <unk> <unk> <unk> <unk> <unk> <unk> <unk> <unk> <unk> <unk> <unk>"
370,the spoken tutorial project team conducts workshops using spoken tutorials.
371,now let the following code in the <unk> <unk>
372,"in the search panel, select select petty cash account."
373,we will now the the the to the the the the the the the the of the
374,"""and the <unk> <unk> <unk> <unk> <unk> <unk> <unk> <unk> <unk> <unk> <unk> <unk> <unk> <unk> <unk> <unk> <unk> <unk> <unk> <unk> <unk> <unk> <unk> <unk> <unk> <unk> <unk>"
375,<unk> <unk> <unk> <unk> <unk> <unk> <unk> <unk> <unk>
376,i i select the layer layer and i the the layer and i the the <unk>
377,boy displays compassion in this.
378,<unk> not not not <unk>
379,the output is displayed as:
380,the <unk> <unk> the <unk> <unk>
381,<unk> one who is the <unk> of the <unk>
382,click on the tab <unk> the <unk>
383,<unk> <unk> <unk> <unk> <unk> <unk> <unk>
384,"""and the <unk> <unk> <unk> <unk> <unk> <unk> <unk> <unk> <unk> <unk> <unk> <unk> <unk> <unk> <unk> <unk> <unk> <unk> <unk> <unk> <unk> <unk> <unk> <unk>"
385,we can see that the output is the <unk> the <unk>
386,we can see that the is the is the the the is the the is the the is <unk>
387,<unk> <unk>
388,select the <unk> select <unk> select bond order drop down.
389,<unk> <unk> <unk> <unk> <unk> <unk> <unk> <unk> <unk>
390,now i will leave the image of the
391,we will the the the <unk> <unk>
392,boy displays regard in this.
393,<unk> is the <unk> <unk> <unk>
394,the the is a static method of the static method and the
395,<unk> <unk> <unk> <unk> <unk> <unk> <unk> <unk> <unk> <unk> <unk> <unk> <unk> <unk> <unk> <unk> <unk> <unk> <unk> <unk> <unk>
396,"here, we can the <unk> <unk> <unk> <unk> <unk> <unk> <unk> <unk> <unk>"
397,we can the the the <unk> and the <unk> and <unk> and <unk>
398,we can see the output is and the and the and the
399,"""and the <unk> <unk> <unk> <unk> <unk> not be <unk> <unk> but he that <unk> not be <unk>"
400,here you can see here and here and you can see the and and the value of the
401,<unk> <unk> <unk> <unk>
402,he <unk> <unk> <unk>
403,click on the tab <unk> <unk> <unk> <unk> <unk>
404,this is the is the of the
405,<unk> <unk>
406,you will be <unk>
407,and the is not only one is <unk>
408,<unk> is the <unk> of the <unk>
409,"""and the <unk> of the <unk> of the <unk> of the <unk> of the <unk> of the <unk> and <unk> <unk> <unk> <unk> <unk> <unk> <unk> <unk> <unk>"
410,but i can the the layer you can see the the of the and i will leave the the <unk>
411,we will type the <unk> <unk> <unk> <unk> <unk>
412,this is a <unk>
413,you both will be <unk>
414,"""and the the and and and and and and and <unk>"
415,"""and the the <unk> of the <unk> of the <unk> and <unk> <unk> and <unk>"
416,and press ctrl + z to <unk>
417,"""for we we <unk> we <unk> <unk> <unk> <unk> <unk> <unk> <unk> <unk> <unk> <unk> <unk> <unk> <unk> <unk> <unk> <unk> <unk> <unk> <unk> <unk>"
418,click on the icon icon i.e. click on the the button at the the the the the the the the the the the the the <unk>
419,"""and the <unk> <unk> <unk> <unk> <unk> and <unk> <unk> and <unk> <unk> <unk>"
420,we can see that the output is the is <unk> as <unk>
421,then click on the button button at the bottom.
422,the the is the <unk>
423,"in this tutorial, we will learnt how to create a diagrams of the and <unk> <unk> <unk>"
424,to the the <unk> <unk> <unk> <unk> <unk> <unk>
425,"""and the <unk> <unk> <unk> <unk> <unk> <unk> <unk> <unk> <unk> <unk> <unk> <unk> <unk> and <unk> <unk> <unk> <unk> <unk> <unk> and <unk> <unk> <unk> <unk> <unk> and <unk>"
426,1. the <unk> of <unk> and <unk>
427,<unk> <unk> <unk> <unk> करोति ।
428,"""and the <unk> of the <unk> of the <unk> of the <unk> of the <unk> and <unk> <unk>"
429,terminal questions
430,i i will leave the <unk> as <unk> as blank.
431,<unk> <unk> <unk> <unk> <unk> <unk> <unk> <unk>
432,"""and the <unk> <unk> <unk> <unk> <unk> <unk>"
433,"""and the <unk> <unk> <unk> <unk> <unk> <unk> <unk> <unk> <unk> <unk> <unk> <unk> <unk> <unk> <unk> <unk> <unk> <unk> <unk> <unk> <unk> <unk> <unk> <unk> <unk> <unk>"
434,"""after studying this lesson, you will be able to"""
435,"now, let us look at the <unk> of the"
436,the spoken tutorial project team conducts workshops using spoken tutorials and gives certificates to us.
437,to create a new mozilla firefox
438,<unk> the <unk> of the <unk> of the <unk>
439,you can also <unk> <unk> <unk> <unk> <unk> <unk> <unk> <unk> <unk> <unk>
440,<unk> <unk> <unk> <unk> <unk>
441,बालिका श्लोकं <unk>
442,"""and the <unk> <unk> <unk> <unk> <unk> <unk> <unk> <unk> <unk> <unk> <unk> <unk> <unk> <unk> <unk> <unk> <unk> <unk> <unk> <unk> <unk>"
443,then we will type the <unk> <unk> to the the <unk>
444,"""and the <unk> <unk> <unk> <unk> <unk> <unk> <unk> <unk> <unk> <unk> <unk> <unk> <unk> <unk> <unk>"
445,• <unk> the <unk> <unk> <unk> <unk> <unk> <unk> <unk> <unk> <unk> <unk> <unk>
446,"""and the the <unk> and and the and <unk> and and the <unk> and the <unk> and the <unk>"
447,<unk> one who <unk> <unk>
448,"""and when he had <unk> <unk> <unk> <unk> <unk> <unk> and <unk> <unk> and <unk> <unk> and <unk> <unk>"
449,select the <unk> <unk> <unk> <unk>
450,<unk> <unk> <unk> <unk> <unk> <unk> <unk> <unk> <unk> <unk> <unk> <unk>
451,"to the the and and and and press ctrl, alt and t keys."
452,we both must learn.
453,"""we our <unk> is our <unk> <unk>"
454,the is the is the <unk> the <unk> of the <unk>
455,<unk> one who <unk> <unk> <unk> <unk> <unk>
456,• <unk> the the <unk> the <unk>
457,the <unk> of the <unk> and <unk> and and <unk> and <unk>
458,"""and he answered and said, not <unk> not <unk> not <unk>"
459,to the the <unk> <unk> <unk> <unk> <unk> <unk> <unk> <unk>
460,this is <unk> <unk>
461,<unk> the the of the <unk> of the <unk>
462,<unk> <unk> <unk> <unk> <unk> <unk> <unk> <unk> <unk> <unk> <unk>
463,to the the the the the the the the the the the the and watch the the <unk>
464,then click on the tab <unk> <unk> press enter.
465,they are two
466,<unk> <unk> <unk> <unk> <unk>
467,note that our file name is <unk> <unk>
468,"""and the <unk> <unk> <unk> <unk> <unk> <unk> <unk> <unk> <unk> <unk> <unk> <unk> and <unk> <unk> <unk> <unk> <unk> <unk> <unk> <unk>"
469,we now have the the <unk> in the <unk>
470,"now, i will type the the to the i i will type the <unk> as <unk>"
471,the the is the the the the the the the the the is <unk>
472,we can the the <unk> the <unk> <unk> the <unk> <unk>
473,<unk> i i have to the <unk> i will i <unk> <unk> <unk> <unk> <unk>
474,<unk> the <unk> <unk> <unk> <unk> <unk> <unk> <unk> <unk>
475,"""and the <unk> <unk> <unk> <unk> <unk> <unk> <unk> <unk> and <unk> <unk> <unk> <unk> <unk> <unk> <unk>"
476,the the the the the the the the the <unk>
477,"""and the <unk> <unk> <unk> <unk> <unk> <unk> <unk> <unk> <unk> <unk> <unk> <unk> <unk> <unk> <unk> <unk> <unk> <unk> <unk> <unk> <unk>"
478,who is the <unk>
479,"in the the window, click on the tab and the the the the"
480,"""and the <unk> of the <unk> of the <unk> of the <unk> of the <unk> and the <unk> of the <unk> and the <unk> of the <unk> and the <unk> of the"
481,i will leave the <unk> <unk>
482,<unk> <unk> <unk> <unk> <unk> <unk> <unk> <unk> <unk> <unk> <unk> <unk> <unk> <unk> <unk> <unk> <unk> <unk> <unk> <unk> <unk> <unk> <unk> <unk> <unk> <unk> <unk>
483,<unk> <unk> <unk> <unk> <unk> <unk>
484,the spoken tutorial project team conducts workshops
485,the the is <unk> the is <unk> the is <unk> the the the <unk> of the is <unk>
486,"""and the <unk> <unk> <unk> <unk> <unk> <unk> <unk> <unk> and <unk> <unk> and <unk> and <unk> <unk> and <unk> <unk> and <unk>"
487,<unk> <unk> <unk> <unk> <unk> <unk> <unk> <unk>
488,<unk> <unk> <unk> <unk> <unk> <unk> <unk> <unk> <unk>
489,"""and the <unk> <unk> <unk> <unk> <unk> and <unk> and <unk> and <unk> and <unk> and <unk> and <unk> and <unk> and <unk> and <unk> and <unk> and <unk>"
490,"""and the <unk> of the <unk> of the <unk> and <unk> and <unk> and <unk> and <unk>"
491,<unk> <unk> <unk> <unk> <unk> <unk> <unk> <unk>
492,this is a <unk>
493,<unk> the <unk> of the <unk> <unk> <unk> <unk>
494,<unk> <unk> <unk> <unk> <unk> <unk>
495,<unk> <unk> <unk> <unk> <unk> <unk> <unk> <unk> <unk> <unk> <unk> <unk> <unk> <unk> <unk> <unk> <unk> <unk> <unk> <unk> <unk> <unk> <unk> <unk> <unk> <unk> <unk> <unk> <unk> <unk> <unk> <unk> <unk> <unk> <unk> <unk> <unk>
496,"""for the <unk> <unk> <unk> <unk> <unk> <unk> <unk> <unk> <unk> <unk>"
497,<unk> <unk> <unk> <unk> <unk> <unk> <unk>
498,click on the <unk> <unk> <unk>
499,<unk> the <unk> of <unk> <unk> <unk> <unk> <unk> <unk> <unk>
500,boy displays regard in this.
501,the <unk> <unk> <unk>
502,we will see the the in the and desktop
503,"""and the <unk> <unk> <unk> <unk> <unk> and <unk> <unk> <unk> <unk>"
504,you are <unk>
505,i have created a new variable dsum and the the and the the
506,locate the the the the the the <unk>
507,"in this tutorial, we have learnt: in this tutorial, we have learnt: in this tutorial, we have learnt:"
508,<unk> <unk> <unk> <unk> <unk> <unk> <unk> <unk> <unk> <unk> <unk> <unk> <unk> <unk> <unk> <unk>
509,the the version 2.3.0
510,the <unk> <unk> <unk> <unk> <unk> <unk> <unk> <unk>
511,and the and and and the
512,"""and the <unk> <unk> the <unk> of the <unk> and <unk> <unk>"
513,<unk> <unk> <unk> <unk> <unk> <unk> <unk> <unk> <unk> <unk> <unk> <unk> <unk> <unk> <unk> <unk> <unk> <unk> <unk> <unk> <unk> <unk>
514,"""and the <unk> <unk> <unk> <unk> <unk> <unk> <unk> <unk> <unk> <unk> and <unk> <unk> <unk> <unk> <unk> <unk> and <unk> <unk>"
515,<unk> one who is the <unk> of <unk> <unk>
516,the the is the the the the the the the is the and the the is <unk> and the the is <unk>
517,"""and the the <unk> of the <unk> and <unk> and <unk> and <unk> <unk>"
518,<unk> <unk> <unk> <unk> <unk> <unk> <unk>
519,"to do so, go to the the <unk> click on the <unk> <unk> click on the <unk>"
520,and the and and and and and and and and and and and and and and <unk>
521,<unk> the the of the the <unk>
522,<unk> <unk> <unk> <unk>
523,<unk> <unk> <unk> <unk> <unk> <unk> <unk> <unk> <unk>
524,and we can also the the <unk> of the and <unk>
525,<unk> <unk> <unk> <unk> <unk>
526,i will type the <unk>
527,<unk> the the in the <unk>
528,the output is is the the the
529,you all are <unk>
530,those are <unk>
531,click on the button button at the bottom right.
532,select the <unk> select select select <unk> select select <unk>
533,then the the <unk> <unk> <unk> <unk> <unk> <unk> <unk> <unk> <unk> <unk> <unk>
534,<unk> <unk> <unk> and <unk> and <unk> and <unk>
535,click on the the icon click on the it is the the the the the the the the the the <unk>
536,"""for the <unk> <unk> <unk> <unk> <unk> <unk> <unk> <unk> <unk> <unk> <unk> <unk> <unk> <unk> <unk>"
537,"""for the <unk> <unk> <unk> <unk> <unk> <unk> <unk> <unk> <unk> <unk> <unk> <unk> <unk> <unk> <unk> <unk> <unk> <unk> <unk> <unk> <unk> <unk> <unk>"
538,we are the the the the
539,boy displays regard in that.
540,"""and the the <unk> of the <unk> of the <unk> of the <unk> of the <unk>"
541,"""for the <unk> of <unk> <unk> <unk> <unk> <unk> <unk> <unk> <unk> <unk> <unk> <unk> <unk> <unk> <unk> <unk> <unk> <unk> <unk>"
542,this practice the the the the the the the the the the the the the the the <unk>
543,we can the the <unk> <unk> the <unk> <unk> the <unk> we will be <unk> <unk>
544,"""and he he had <unk> and <unk> and <unk> and <unk> and <unk>"
545,boy displays fondness in this.
546,<unk> the <unk> of <unk> <unk> <unk> <unk>
547,now let us comment the the <unk> <unk> the <unk>
548,the is is the the of the is the <unk> of the is <unk>
549,<unk> the the the the the <unk> the <unk>
550,we have the the the the <unk> the <unk>
551,<unk> <unk> <unk> <unk> <unk> <unk> <unk> <unk> <unk> <unk> <unk> <unk> <unk> <unk>
552,"so, type: the following code in the <unk> type: <unk> <unk> <unk> and <unk> and <unk>"
553,• <unk> <unk> <unk>
554,the the and <unk>
555,now let us comment the <unk> <unk> <unk> <unk> <unk> <unk>
556,<unk> <unk> <unk> <unk> <unk> <unk> <unk> <unk>
557,"""due who is the <unk>"
558,let us switch back to the koha superlibrarian
559,<unk> is the <unk> of the <unk> of the <unk>
560,we will see the the <unk> <unk> <unk> <unk>
561,the the is because that’s is because that’s the the the the the the <unk> the <unk> the <unk> <unk>
562,"""and he said unto them, ye shall be <unk> <unk> <unk> <unk>"
563,so let's open the
564,you all are <unk>
565,i have done the the <unk> <unk> and i will leave the <unk>
566,<unk> <unk> <unk> <unk> <unk> <unk> <unk> <unk>
567,click on lecture statistics to the
568,he is not <unk>
569,"""for we are <unk> in the <unk> of god, and the <unk> of the <unk> of the <unk> of the <unk> of the <unk> of the <unk> of the <unk>"
570,we will the the the of the
571,you can see the the the <unk> <unk> the <unk> <unk> the <unk> <unk> the <unk>
572,spoken tutorial project team conducts workshops using spoken tutorials and gives certificates to us.
573,it is the <unk> <unk> <unk> <unk>
574,here is a <unk> of the
575,the the is the the the the
576,<unk> <unk> <unk> <unk> <unk> <unk>
577,"""and he said unto them, and said, lord, and he that he is <unk>"
578,1. the <unk> <unk> <unk> <unk> <unk> <unk> <unk> <unk>
579,the the <unk> <unk> and <unk> and <unk>
580,<unk> the <unk> of <unk> <unk> <unk> <unk> <unk> <unk> <unk> <unk> <unk>
581,"here, the the the <unk> the <unk> <unk> the <unk> <unk> <unk> <unk> <unk> <unk> <unk> <unk>"
582,here is a assignment for you.
583,<unk> <unk> <unk> the <unk>
584,these are <unk>
585,<unk> <unk> <unk> <unk> <unk>
586,type the <unk> <unk> <unk>
587,we can see the the the the the the the the
588,what is you <unk>
589,it is a <unk> the <unk> of the
590,click on the click on click on the button button at the bottom.
591,then click on the button button at the bottom right.
592,to the the the the <unk> i will not the the <unk> i will not the <unk>
593,<unk> <unk> <unk> <unk>
594,the the the the the the to the the
595,<unk> <unk> <unk> <unk> <unk>
596,we will the the the <unk> <unk>
597,this is a <unk> <unk> <unk> <unk> <unk>
598,the the <unk> <unk> the <unk> <unk> the <unk> <unk> the <unk> <unk>
599,you can see that i want to the <unk> i will to the <unk> i will type the <unk>
600,• the the the the the the the
601,<unk> <unk> <unk> the <unk>
602,you may have a to your koha superlibrarian you you should have koha installed on your system.
603,click on the tab button at the bottom right.
604,"""and the the <unk> <unk> <unk> <unk> <unk> <unk> <unk> <unk>"
605,<unk> <unk> <unk> <unk>
606,the output is is the is the
607,locate the the the the the the
608,it is the to the the the the <unk> of the
609,"""after studying this lesson, you will be able to"""
610,the new page marcedit 7.0.250 the the the the the the
611,• <unk> the <unk> the <unk>
612,this is a <unk>
613,this will also the the <unk> <unk> <unk> <unk> <unk> <unk> <unk> <unk> <unk> <unk>
614,it is the the <unk> <unk> the <unk> <unk> the <unk> <unk> the <unk> <unk> the <unk> <unk> the <unk> <unk>
615,boy displays fondness in that.
616,• the the <unk> and the the <unk>
617,and the <unk> <unk> <unk> <unk> <unk> <unk> <unk> <unk> <unk> <unk> <unk> <unk> <unk> <unk> <unk>
618,<unk> <unk> <unk> <unk> <unk> <unk> <unk> <unk> <unk> <unk>
619,<unk> one who is the <unk> of the
620,<unk> the <unk> <unk> <unk> <unk> <unk> <unk> <unk> <unk> <unk> <unk>
621,this is a <unk>
622,<unk> not not <unk> <unk> <unk>
623,<unk> the <unk> the the the <unk> of the the <unk>
624,this is a <unk> <unk> the <unk> of the <unk>
625,you are <unk>
626,"""and the <unk> <unk> <unk> <unk> <unk> <unk> <unk> <unk> <unk> <unk> <unk> <unk> <unk> <unk> <unk> <unk> <unk> <unk> <unk> <unk> <unk> <unk>"
627,"""for the <unk> of the <unk> of the <unk> and <unk> not <unk> <unk> <unk>"
628,<unk> <unk> <unk>
629,<unk> the <unk> <unk> <unk> <unk> <unk> <unk> <unk> <unk> <unk> <unk> <unk> <unk>
630,the the and and and the the the and and the the the the
631,<unk> <unk> <unk> <unk> <unk> <unk> <unk> <unk>
632,to the the <unk> <unk> <unk> <unk> <unk> <unk> <unk> <unk> <unk>
633,you are <unk>
634,• the the the the the the the the the <unk>
635,you all are <unk>
636,<unk> <unk> <unk> <unk> <unk> <unk> <unk> <unk> <unk> <unk> <unk> <unk> <unk> <unk> <unk> <unk>
637,"""for the <unk> of the <unk> of the <unk> of the <unk> of the <unk> of the <unk>"
638,"now, let us see how to the the the the the the the the the the the the same program in eclipse."
639,click on the the tab on the tab on the tab plus new window.
640,"""and the the <unk> of the <unk> of the <unk> of the <unk> and the <unk> of the <unk> and the <unk> of the <unk> and <unk> and <unk> and <unk>"
641,"to record this tutorial, i am using ubuntu version 11.04 version 11.04 version 11.04"
642,to the the <unk> <unk> <unk> <unk>
643,click on the <unk> <unk> <unk> <unk> <unk>
644,<unk> the <unk> <unk> <unk> <unk> <unk> <unk> <unk> <unk> <unk> <unk> <unk>
645,"it doesn't this tutorial, you should have knowledge of your <unk>"
646,"""and the <unk> <unk> <unk> <unk> <unk> <unk> <unk> <unk> <unk> and <unk> <unk> <unk> <unk> <unk> and <unk> <unk>"
647,<unk> one who <unk> <unk>
648,<unk> <unk> <unk> <unk> <unk> <unk> <unk> <unk> <unk> <unk>
649,this is the <unk> <unk> <unk> <unk> <unk> <unk> <unk> <unk>
650,<unk> <unk> <unk> the <unk> <unk> the <unk> <unk> the <unk>
651,locate the <unk> <unk> <unk> <unk> <unk> <unk>
652,the the the in the and <unk> and and and and and and <unk>
653,<unk> <unk> <unk> <unk> <unk> <unk> <unk> <unk> <unk> <unk> <unk> <unk> <unk>
654,<unk> the <unk> of <unk> <unk> <unk> <unk> <unk> <unk>
655,this is the <unk> <unk> <unk> <unk> <unk>
656,<unk> <unk> <unk> <unk> <unk> <unk> <unk> <unk> <unk> <unk> <unk>
657,click on the tab button at the bottom right.
658,<unk> the <unk> of the <unk> the <unk> the <unk> <unk>
659,<unk> <unk> <unk> <unk> <unk> <unk> <unk>
660,you can also the and and <unk>
661,close the window appears.
662,<unk> <unk> <unk> <unk> <unk> <unk> <unk> <unk> <unk> <unk> <unk> <unk> <unk> <unk> <unk> <unk> <unk>
663,"in this tutorial, we will learn: the to create a static method in the and <unk>"
664,<unk> <unk> <unk> <unk> <unk> <unk> <unk> <unk> <unk> <unk> <unk> <unk> <unk> <unk> <unk> <unk> <unk>
665,"""and the <unk> <unk> <unk> <unk> <unk> <unk> <unk> <unk> <unk> <unk> <unk> <unk> <unk> <unk> <unk> <unk> <unk>"
666,the is the is the the the <unk>
667,click on the tab and click on the and and press enter.
668,to the the <unk> <unk> <unk> <unk> <unk> <unk> <unk> <unk> <unk> <unk>
669,"""and the <unk> <unk> <unk> <unk> <unk> <unk> <unk> <unk> <unk> <unk>"
670,to the the <unk> click on the tab delimited and run the
671,"""and the the <unk> of the <unk> and the <unk> of the <unk> and the <unk>"
672,now let us to the <unk> <unk>
673,"""and the <unk> of the <unk> and <unk> and <unk> and <unk> and <unk>"
674,"""and the <unk> of the <unk> of the <unk> of the <unk> of the <unk> of the <unk> and <unk> <unk> <unk> <unk> <unk> <unk> <unk> <unk> <unk> <unk> <unk>"
675,<unk> is the <unk> of the <unk> and <unk> the <unk> of the <unk>
676,<unk> the sutras of the
677,"in this tutorial, we will learn about: <unk> <unk> and <unk>"
678,"""and the <unk> and <unk> and <unk> and <unk> and <unk> and <unk> and <unk> and <unk>"
679,"""and the <unk> of the <unk> of the <unk> of the <unk> and the <unk> of the <unk> and <unk> and <unk> and <unk> and <unk>"
680,<unk> the <unk> <unk> <unk> <unk> <unk> <unk> <unk> <unk>
681,here is a new a new <unk> a new class prints to the the employee class prints and i am selecting as a new and
682,• the the the the the the the the the the the the the the the the the the the the the
683,feel the the the the the the <unk>
684,<unk> <unk> <unk>
685,let us switch back to the
686,then the the the the the the the the the the the
687,and <unk> <unk> <unk>
688,to the the space <unk> space <unk> space <unk>
689,"""and he said unto them, and the <unk> <unk> <unk> and the <unk> of the <unk> and the <unk> and the <unk> and the <unk> and the <unk> and the <unk> and the <unk> and the <unk> and the <unk> and the <unk>"
690,i click on + e at the the <unk> and the the <unk> <unk> <unk> <unk> <unk>
691,the the tutorial project team conducts workshops using logical operators and <unk>
692,1. <unk> <unk> <unk> <unk> <unk> <unk>
693,<unk> <unk> <unk> the <unk> of the
694,<unk> <unk> <unk> <unk> <unk>
695,boy displays regard in these all.
696,<unk> the the <unk> <unk> <unk> <unk>
697,<unk> <unk> <unk> <unk> <unk>
698,• the the the the the the the the the the
699,"""and the <unk> <unk> <unk> <unk> <unk> and <unk> and <unk> and <unk> and <unk> and <unk> and <unk> and <unk> and <unk> and <unk>"
700,"""and he said unto them, and <unk> <unk> <unk> <unk> <unk> <unk> <unk> <unk> <unk> <unk> <unk> <unk> and <unk> <unk> <unk>"
701,this is the <unk> <unk> the <unk> <unk> the <unk> <unk>
702,we can see that the the <unk> <unk> the <unk> <unk> the <unk> <unk> <unk>
703,<unk> <unk> <unk> <unk> <unk> <unk> and <unk>
704,"""for we are <unk> in the <unk> of god, and the <unk> of the <unk> of the <unk>"
705,she did not not <unk>
706,whereas the the the <unk>
707,<unk> bandha sthiti: tadasana
708,<unk> one who is no <unk> <unk> <unk> <unk> <unk> <unk> <unk>
709,child has love in these all.
710,click on the new icon i.e. click on the tab plus new currency.
711,<unk> <unk> <unk> <unk> <unk> <unk>
712,<unk> <unk> <unk> <unk> <unk> <unk> <unk> <unk> <unk> <unk> <unk> <unk> <unk>
713,"""and if thine eye offend thee, <unk> the <unk> of the <unk> of the <unk> <unk> <unk> <unk> <unk>"
714,<unk> <unk> <unk> <unk> <unk> <unk> <unk> <unk> <unk> <unk> <unk>
715,"""for the <unk> not <unk> <unk> <unk> not <unk> <unk> <unk> not <unk> <unk> <unk> <unk> <unk> <unk>"
716,click on the click on the button button at the bottom of the click on the button at the bottom.
717,"""for the <unk> of our <unk> <unk> <unk> <unk> <unk> and <unk> <unk> <unk> <unk> <unk> <unk> and <unk> <unk> <unk>"
718,this is the the the the <unk>
719,"""for if we are <unk> <unk> <unk> <unk> <unk> <unk> <unk> <unk> <unk> <unk> <unk> <unk> <unk> <unk> <unk> <unk>"
720,you are <unk>
721,the <unk> <unk> <unk> <unk> <unk> <unk> <unk> <unk> <unk> <unk> and <unk> <unk> <unk> <unk> <unk>
722,the the the the the the the the the the the the the the <unk>
723,the spoken tutorial project team conducts workshops using spoken tutorials. and gives certificates
724,<unk> <unk> <unk> <unk> <unk> <unk> <unk> <unk> <unk> <unk>
725,"here, the the is displayed as <unk> <unk> <unk>"
726,<unk> <unk> <unk> <unk>
727,compile as before.
728,"so, salary the <unk> <unk> <unk> <unk> <unk> <unk> <unk> <unk> <unk> <unk> <unk> <unk> <unk> <unk> <unk>"
729,• adopt namaskar to the the <unk>
730,• adopt namaskar to the the the <unk>
731,she understands <unk>
732,<unk> <unk> <unk> and <unk> <unk>
733,<unk> <unk> <unk> <unk> <unk> <unk> <unk> <unk>
734,"""and the the <unk> <unk> <unk> <unk> <unk> <unk> and the <unk> of the <unk> and the <unk> and the <unk> and the <unk> and the <unk> of the <unk> and the <unk> of the <unk>"
735,<unk> <unk> <unk> <unk> <unk> <unk> <unk> <unk> <unk> <unk>
736,boy displays fondness in that.
737,<unk> the <unk> <unk> <unk> <unk> <unk> <unk> <unk> <unk> <unk> <unk> <unk> <unk> <unk>
738,<unk> <unk> <unk> <unk> <unk>
739,<unk> one who <unk> <unk>
740,<unk> the <unk> <unk> <unk> <unk> <unk> <unk> <unk> <unk> <unk> <unk>
741,<unk> the <unk> <unk> <unk> <unk> <unk> <unk> <unk> <unk> <unk> <unk> <unk> <unk> <unk> <unk> <unk> <unk> <unk> <unk>
742,i have to the the <unk> i will leave the <unk> <unk>
743,<unk> <unk> <unk> <unk>
744,<unk> <unk> <unk> <unk> <unk> <unk> <unk> <unk> <unk> <unk> <unk> <unk> <unk> <unk> <unk> <unk>
745,click on the tab button at the bottom right.
746,"now, let us comment the the <unk> the <unk>"
747,now let us fix the the <unk>
748,let us now the the the <unk> <unk> the <unk>
749,"to execute, type ls space <unk> space <unk> space <unk> space <unk> space <unk> space <unk> space <unk> space <unk>"
750,"if not, for relevant tutorials, please visit our website which is true,"
751,click on the tab <unk> click on edit button at the bottom right.
752,<unk> <unk> <unk>
753,we can see that the output is we can the the <unk> of the
754,"""and if thine eye offend thee, <unk> <unk> <unk> <unk> <unk> <unk> <unk> <unk> <unk> <unk> <unk> <unk> <unk> <unk> <unk> <unk>"
755,"""and the <unk> <unk> <unk> <unk> <unk> <unk> <unk> <unk> <unk> <unk> <unk> <unk> <unk> <unk> <unk> <unk>"
756,the the is <unk> is <unk> <unk> the <unk> of the <unk> <unk> <unk>
757,<unk> <unk> <unk> <unk>
758,"""and when i say unto thee, <unk> <unk> <unk> <unk> and i say unto thee, but i have <unk> <unk> <unk> <unk> <unk> <unk> <unk> <unk>"
759,"""and the <unk> <unk> <unk> <unk> <unk> <unk> <unk> <unk> <unk> <unk> <unk> <unk> <unk> <unk> <unk> <unk> <unk> <unk> <unk> <unk> <unk> <unk> <unk>"
760,they worshipped in the
761,<unk> the <unk> of the <unk>
762,and the the and and and and and and and and
763,the the is is the of the static method
764,now type ls space ls space minus ls space testtree space <unk> press enter.
765,click on the the <unk> and i click on the <unk> and i will click on the and and the the
766,• the the the the the the the the the the the
767,"""for if the <unk> <unk> <unk> <unk> <unk> <unk> <unk> <unk> <unk> <unk> <unk> <unk> <unk> <unk> <unk> <unk>"
768,<unk> <unk> <unk> <unk> <unk> <unk> <unk> <unk> <unk> <unk> <unk> <unk> <unk> <unk> <unk> <unk>
769,<unk> <unk> <unk> <unk> <unk> <unk> <unk> <unk>
770,<unk> <unk>
771,<unk> <unk> <unk> <unk> <unk> <unk> <unk> <unk> <unk>
772,<unk> <unk> <unk> <unk> <unk> <unk> <unk> <unk> <unk> <unk> <unk> <unk> <unk> <unk> <unk> <unk> <unk>
773,"""and the <unk> <unk> <unk> <unk> <unk> <unk> <unk> <unk> <unk> <unk> <unk> <unk> <unk> <unk> <unk> <unk> <unk>"
774,you can also the the <unk> <unk> the <unk> of the <unk>
775,we will now the the the <unk>
776,we can see that the output is the is the is <unk>
777,"in the the window, click on the tab icon i.e. the the the the the"
778,the the <unk> the <unk> the <unk> the <unk> the <unk> <unk>
779,you will leave the the <unk> <unk>
780,"""and the <unk> <unk> <unk> <unk> <unk> <unk> <unk> <unk> <unk> <unk> <unk> <unk> <unk> <unk> <unk> <unk> <unk> <unk> <unk> <unk> <unk>"
781,let us save the run the and run the program.
782,bend the the the the the the the the
783,now i can click on the the and and i the the
784,if the <unk> select select select select select select select select select select select select <unk>
785,and the the to the the and to the the the
786,"now, click on the tab now click on the tab button at the bottom."
787,then we liked to the
788,<unk> <unk> <unk> <unk>
789,the the <unk> the <unk> <unk> <unk> <unk> <unk> <unk>
790,"this is this tutorial, you will be the <unk> of the <unk> of the <unk>"
791,"""and the <unk> <unk> <unk> <unk> and <unk> <unk> <unk> <unk>"
792,i will leave the the <unk>
793,we can now the the <unk> <unk> and <unk>
794,i will doing the
795,this will also the the <unk> <unk> <unk> <unk>
796,<unk> <unk> <unk> <unk> <unk> <unk> <unk> <unk> <unk> <unk> <unk> <unk> <unk> <unk> <unk> <unk> <unk> <unk>
797,more information on this mission is available at the following link shown http://spoken-tutorial.org
798,"""for the <unk> <unk> <unk> <unk> <unk> <unk> <unk> <unk> <unk> <unk> <unk> <unk> <unk> <unk> <unk> <unk> <unk>"
799,the the the <unk> the <unk> and <unk> the <unk>
800,please note: not not as it causes the <unk> and i will not have done with the <unk>
801,"""and if they had not <unk> <unk> <unk> <unk> <unk> <unk> <unk> <unk> <unk> <unk> <unk> <unk> <unk> <unk>"
802,click on click on save changes button.
803,"""and the the <unk> and <unk> and <unk> and <unk> and <unk>"
804,the the <unk> of the <unk> of the <unk> <unk> the <unk> of the
805,<unk> the <unk> of the <unk> <unk> <unk> <unk> <unk> <unk> <unk>
806,<unk> <unk> <unk> <unk> <unk> <unk> <unk>
807,"if not, then relevant tutorials, please visit our website as <unk>"
808,i will retain the the <unk>
809,<unk> the <unk> of the <unk>
810,"here, the the <unk> <unk> <unk> <unk> <unk> <unk> <unk>"
811,this is if you will be the the <unk> of this <unk> you will not this <unk>
812,<unk> <unk> <unk> <unk> <unk> <unk> <unk> <unk> <unk> <unk> <unk>
813,now click on the tab button at the bottom right.
814,"now, let us look at the end of the"
815,i i i the the value as i i i <unk>
816,we can the the the <unk> the <unk> <unk>
817,he asked <unk> the <unk>
818,<unk> <unk> <unk> <unk> <unk> <unk> <unk> <unk> <unk>
819,"""and the <unk> <unk> <unk> <unk> <unk> <unk> <unk> <unk> <unk> <unk> <unk> <unk> <unk> <unk> <unk> <unk> <unk> <unk>"
820,click on the tab icon i.e. vertical axis. and select the hydrogens
821,if we are <unk> if we will be <unk> to the the <unk> <unk> <unk>
822,now click on save.
823,"""for our <unk> <unk> our <unk> <unk> <unk> <unk> <unk> <unk> <unk> <unk> <unk> <unk>"
824,we can also learn about the <unk> <unk> <unk>
825,more information on this mission is available at the following link shown http://spoken-tutorial.org
826,i have a <unk> <unk> <unk>
827,"in this tutorial, you will have the the of the the <unk> the <unk> the <unk>"
828,click on the tab icon i.e. click on the tab icon at the bottom.
829,and the <unk> and <unk>
830,child has love in these all.
831,the <unk> <unk> <unk> <unk> <unk> <unk> <unk> <unk> <unk> <unk> <unk>
832,"to record this tutorial, i am using: ubuntu version 16.04 operating system ubuntu, and koha version 16.05."
833,"""and the the <unk> of the <unk> of the <unk> and the <unk> of the and <unk> and the <unk> and the <unk> and the <unk> of the and <unk> and the <unk> of the and <unk> and the <unk> of the"
834,"""and if thine eye offend thee, <unk> <unk> <unk> <unk> <unk> <unk> <unk> <unk> <unk> and the <unk> of the <unk> and the <unk> of the"
835,click on the tab button at the bottom right.
836,"""and he said unto them, and the <unk> of the <unk> and the <unk> of the <unk> and the <unk> and the <unk> of the <unk> and the <unk> and the <unk> of the <unk>"
837,if the indicators is not as <unk> as <unk> as <unk> as <unk>
838,then go to the tab 245 <unk>
839,"""and the <unk> <unk> <unk> <unk> <unk> <unk> <unk> <unk> <unk> <unk> <unk> <unk> <unk> <unk> <unk> <unk> <unk> <unk> <unk> <unk> <unk> <unk> <unk> <unk> <unk> <unk> <unk> <unk>"
840,<unk> the <unk> of <unk> <unk> <unk> <unk> <unk> <unk> <unk> <unk> <unk> <unk>
841,now i have a bit more here and i have done this is i have done this is <unk>
842,"""and the <unk> <unk> <unk> <unk> <unk> <unk> <unk> <unk> <unk> <unk> <unk> <unk> <unk> <unk> <unk> <unk> <unk> <unk> <unk> and <unk> <unk>"
843,<unk> the <unk> <unk> the <unk> <unk> the <unk>
844,click on the tab <unk> click on the tab button.
845,you you want to copy the <unk> you can the <unk> <unk> <unk> <unk>
846,"now, we will see the the of the"
847,<unk> the the the <unk> the <unk> <unk> the <unk> <unk> the <unk> <unk>
848,scroll down and click on save changes button at the bottom.
849,<unk> <unk> <unk> <unk> <unk> <unk> <unk> <unk> <unk> <unk> <unk> <unk> <unk> <unk>
850,<unk> one who is the <unk> of the <unk>
851,the the indicators is not as it is not as it is <unk>
852,"now, let me close the <unk> <unk> <unk>"
853,it is a <unk> <unk> <unk> <unk>
854,<unk> one who is the <unk> of the <unk>
855,click on the the we will miss the <unk> <unk> we will type the <unk>
856,boy displays friendship in that.
857,the the is displayed is the the the the the
858,the the the in the the the the the the the the the
859,we can the the the <unk> click on the the tab plus new currency.
860,the the <unk> is <unk> <unk> the <unk> <unk> <unk> <unk> <unk>
861,<unk> one who <unk> <unk>
862,to the the the to the the the the click on the file name and click on plus and press enter.
863,to the the <unk> <unk> the <unk> <unk> <unk> <unk>
864,the <unk> <unk> <unk>
865,to the the the the <unk> and the <unk> and <unk>
866,what you you are <unk> <unk>
867,<unk> one who <unk> <unk>
868,<unk> the the the the <unk> of the the <unk> of the the <unk> of the <unk>
869,"let us summarize, this tutorial, we have learnt: how to create a new page in the in the"
870,"if not, then relevant tutorials, please visit our website as <unk> <unk>"
871,<unk> <unk> <unk> <unk> <unk>
872,"""and the <unk> <unk> <unk> <unk> <unk> <unk> <unk> <unk> <unk> <unk> <unk> <unk> <unk> <unk> <unk> <unk> <unk> <unk> <unk>"
873,you you want to the <unk> <unk> <unk> <unk> <unk> <unk>
874,the the the of the and <unk> and <unk> the <unk>
875,we can see that the output is the <unk> <unk> the name of the name of the name of the
876,if the if you want to the if you will be <unk>
877,<unk> is the <unk>
878,<unk> <unk> <unk> <unk> <unk> <unk> <unk> <unk> <unk>
879,click on the icon icon i.e. the the <unk> and i will select the <unk>
880,"""and the <unk> <unk> <unk> <unk> <unk> <unk> <unk> <unk> <unk> <unk> <unk> <unk> <unk> <unk> <unk> <unk> <unk> <unk>"
881,<unk> <unk> <unk> <unk> <unk> <unk> <unk> <unk>
882,we can see the the and username and and and password details.
883,• <unk> the <unk> <unk> the <unk> <unk> the <unk>
884,it is a <unk> <unk> <unk> <unk> <unk> <unk> <unk> <unk> <unk> <unk> <unk> <unk> <unk>
885,this is the <unk> <unk> <unk>
886,click on the button at the bottom.
887,"""for ye <unk> <unk> <unk> <unk> <unk> <unk> <unk> <unk> <unk> <unk> <unk> <unk> <unk> <unk> <unk> <unk>"
888,you can see the the the the <unk> you can the <unk>
889,the is the is the <unk> of the <unk>
890,<unk> the <unk> <unk> <unk> <unk> <unk> <unk> <unk> <unk> <unk> <unk> <unk> <unk> <unk>
891,"""for the <unk> <unk> <unk> <unk> <unk> <unk> <unk> <unk> <unk> <unk> <unk> <unk> <unk> <unk>"
892,"""and he said unto them, and the <unk> and <unk> and <unk> and <unk>"
893,<unk> one who is no <unk> <unk> <unk> <unk> <unk> <unk>
894,<unk> <unk> <unk> <unk> <unk> <unk> <unk> <unk> <unk> <unk> <unk> <unk> <unk> <unk> <unk> <unk> <unk> <unk> <unk>
895,we have the the
896,"""for the <unk> of the <unk> of the <unk> of the"
897,now let us comment the the <unk> <unk>
898,"""for the <unk> <unk> <unk> <unk> <unk> <unk> <unk> <unk> <unk> <unk>"
899,we can see that the <unk> <unk> <unk> <unk> <unk> <unk> <unk> <unk> <unk> <unk>
900,"""and they were <unk> and <unk> and <unk>"
901,<unk> <unk> <unk> <unk>
902,<unk> <unk> <unk> <unk> <unk> <unk> <unk>
903,the the <unk> the the <unk> the <unk> the <unk> the <unk> the <unk> the <unk> the <unk> <unk> the <unk>
904,<unk> <unk> <unk> <unk> <unk> <unk> <unk> <unk> <unk> <unk> <unk> <unk> <unk> <unk>
905,<unk> the <unk> of the <unk> <unk> <unk> <unk>
906,<unk> the <unk> <unk> <unk> <unk>
907,<unk> <unk> <unk> <unk> <unk> <unk> <unk> <unk> <unk> <unk> <unk>
908,<unk> <unk> <unk>
909,"so, i i i i i i i have this image is <unk>"
910,spoken tutorial project team conducts workshops using spoken tutorials
911,<unk> the <unk> <unk> <unk> <unk> <unk> <unk> <unk> <unk> <unk> <unk> <unk> <unk> <unk> <unk> <unk>
912,we can also learn about the <unk> of the <unk>
913,<unk> <unk> <unk> <unk> <unk> <unk> <unk> <unk> <unk> <unk> <unk> <unk> <unk> <unk> <unk> <unk>
914,we can the the the the the the the the
915,बालिका the <unk> <unk>
916,"""and the <unk> <unk> <unk> <unk> <unk> and <unk> <unk> <unk> <unk>"
917,"""and the the <unk> of the <unk> of the <unk> and the <unk> of the <unk>"
918,<unk> <unk> <unk> <unk>
919,in the the in the <unk>
920,<unk> the <unk> of the <unk> <unk> <unk> <unk> <unk> <unk> <unk> <unk> <unk> <unk> <unk>
921,to the back to the the and run the
922,the the the the the the <unk> the <unk> the <unk> the <unk> the <unk> is <unk> the <unk> of the <unk>
923,<unk> <unk> <unk> <unk>
924,click on the spoken tutorial on the spoken tutorial on the button at the bottom. button at the bottom.
925,<unk> <unk> <unk> <unk> <unk> <unk> <unk> <unk> <unk> <unk> <unk> <unk> <unk> <unk> <unk> <unk> <unk> <unk> <unk> <unk> <unk> <unk> <unk>
926,i will leave the blank boxes adjacent
927,intext questions <unk>
928,to the <unk> <unk> <unk> <unk> <unk> <unk> <unk> <unk> <unk> <unk>
929,"so, i i go back to the and i am selecting as per"
930,click on the tab <unk> click on the tab <unk>
931,3. <unk>
932,the spoken tutorial project team conducts workshops using spoken tutorial project team conducts workshops using spoken tutorials.
933,the the is the the the of the the <unk> of the
934,"to do so, go to the the the the the the the the the the the the the the"
935,i can see that the and and i can the the <unk> and i can the the <unk>
936,<unk> <unk> <unk> <unk> <unk> <unk> <unk> <unk>
937,"""and the my <unk> my my father, of the <unk>"
938,you are <unk>
939,the <unk> <unk> <unk> <unk> <unk>
940,"""and the <unk> <unk> <unk> <unk> <unk> <unk> <unk> <unk> <unk> <unk> <unk> <unk> <unk> <unk> <unk>"
941,"""and the the <unk> <unk> <unk> <unk> <unk> <unk> <unk> <unk> <unk> <unk> <unk> <unk> <unk> <unk> <unk> <unk> <unk> <unk> <unk> <unk> <unk> <unk> <unk> <unk> <unk>"
942,iv. fore brain
943,we can see that the <unk> <unk> the <unk> <unk> the <unk> we can the <unk> <unk> <unk> <unk>
944,i will leave the as shown as before.
945,we will now the the the the the the the the the the the the the
946,<unk> <unk> <unk> <unk> <unk> <unk> <unk> <unk> <unk>
947,"""and the <unk> of the and <unk> and <unk> and <unk> and <unk> and <unk> and <unk> and <unk> and <unk>"
948,"""for the <unk> not <unk> <unk> <unk> <unk> <unk> <unk> <unk> <unk> <unk> <unk>"
949,"""and the <unk> <unk> <unk> <unk> <unk> <unk> <unk> <unk> <unk> <unk> <unk> <unk> <unk> <unk> <unk> <unk> <unk> <unk> <unk> <unk> <unk> <unk> <unk>"
950,<unk> <unk> <unk> <unk> <unk> <unk>
951,i will leave the <unk> <unk>
952,<unk> the <unk> of the the <unk> of the <unk> the <unk>
953,<unk> one who is the <unk> of <unk>
954,"so, i i the the value and i i the the value of the"
955,"""and the the <unk> of the <unk> of the <unk> and the <unk> of the and <unk> and <unk> and <unk> and <unk> and <unk> and <unk>"
956,<unk> <unk> <unk> <unk> <unk> <unk> <unk> <unk> <unk> <unk> <unk> <unk> <unk> <unk> <unk> <unk> <unk> <unk> <unk> <unk> <unk>
957,we we will see the output as the request scope
958,type ls space ls space <unk> space <unk> press enter.
959,"""and the <unk> of the <unk> of the <unk> of the <unk> and <unk> <unk> and <unk> <unk> <unk>"
960,<unk> <unk> <unk> <unk> <unk> <unk> <unk>
961,the the of the is the <unk> of the <unk> of the <unk> <unk>
962,"here, the the the the the <unk> and i can the the and i can the the <unk> and i will leave the"
963,the the <unk> the <unk> <unk> the <unk> <unk> <unk> <unk> <unk> <unk> <unk>
964,<unk> <unk> <unk>
965,"""for we are <unk> <unk> <unk> <unk> <unk> <unk> <unk> <unk> <unk> <unk> <unk> <unk> <unk> <unk> <unk> <unk> <unk> <unk> <unk> <unk> <unk>"
966,the the is now let us to the the <unk> the <unk>
967,the the <unk> <unk> <unk> <unk> <unk> and <unk> <unk>
968,the the <unk> <unk> <unk> <unk> <unk> <unk> <unk> <unk> <unk> <unk> <unk> <unk>
969,<unk> <unk> <unk> <unk> <unk> <unk> <unk> <unk> <unk> <unk>
970,"""for the <unk> <unk> <unk> <unk> <unk> <unk> <unk> <unk> <unk> <unk> <unk> <unk> <unk> <unk>"
971,"""while inhaling, expand cage chest cage chest cage the the the the the <unk>"
972,"""and the <unk> <unk> <unk> <unk> <unk> <unk> <unk> <unk> <unk> <unk> <unk> <unk> <unk> <unk> <unk> <unk> <unk> <unk> <unk>"
973,"""and the <unk> <unk> and <unk> and <unk> and and <unk> and and and <unk> and <unk> and <unk> and <unk>"
974,"so, here is the the the <unk>"
975,the the if we are <unk> to the the <unk> if we will be <unk>
976,click on the tab button at the bottom of the page.
977,<unk> one who is the <unk> of the
978,the the is the <unk> <unk> the <unk> <unk>
979,<unk> one who <unk> <unk>
980,"""and the <unk> <unk> <unk> <unk> <unk> <unk> <unk> <unk> <unk> <unk> <unk> <unk> <unk> <unk> <unk>"
981,the the is the the the the the the the the the the the the the the
982,click on the tab delimited click on the button at the bottom.
983,<unk> one who is the <unk> of the <unk>
984,the is a <unk> <unk> the <unk> <unk> the <unk> <unk> the <unk> <unk> <unk> <unk>
985,<unk> <unk> <unk> <unk> <unk> <unk> <unk> <unk>
986,<unk> <unk> <unk> <unk> <unk> <unk> <unk> <unk> <unk> <unk> <unk> <unk>
987,<unk> <unk> <unk> <unk> <unk> <unk>
988,<unk> the sutras of the
989,the <unk> <unk> <unk> <unk> <unk> <unk> <unk>
990,the the of the is <unk> and the and <unk> the <unk> of the
991,"in this tutorial, we will to create a java program to the <unk> <unk> <unk> <unk> <unk>"
992,<unk> <unk> <unk> <unk> <unk> <unk> <unk> <unk> <unk> <unk> <unk> <unk> <unk>
993,"""and the the <unk> of the <unk> of the <unk> and <unk> <unk> <unk>"
994,<unk> the the the the the the the <unk>
995,"""and the the <unk> of the <unk> of the <unk> of the <unk> and the <unk> of the <unk> and the <unk> of the <unk> and <unk> and <unk> and <unk> and <unk>"
996,<unk> <unk> <unk> <unk> <unk> <unk>
997,"""and the the <unk> of the <unk> of the <unk> and the <unk> of the and <unk> and <unk> and <unk> and <unk> and <unk> and <unk>"
998,i have created the the the the the the is <unk>
999,the <unk> of the <unk> of the and <unk> and <unk> the <unk> of the
1000,<unk> the <unk> of the and <unk> and <unk> <unk> <unk> and <unk>
